,gloss,word,idx
0,APPLE,apple,0
1,IMPOSSIBLE,impossible,1
2,PARK,park,2
3,SOCCER2,soccer,3
4,SOCCER1,soccer,3
5,STINK,stink,4
6,ROSE,rose,5
7,HUG,hug,6
8,TUBE,tube,7
9,COUNT,count,8
10,NICE,nice,9
11,EASYTODO,easy to do,10
12,INFLUENCE,influence,11
13,PEACOCK,peacock,12
14,CIRCUSWHEEL,circuswheel,13
15,NOSE,nose,14
16,GYM,gym,15
17,WEAVE,weave,16
18,SMOOTH,smooth,17
19,BACKPACK1,backpack,18
20,BACKPACK2,backpack,18
21,WE,we,19
22,DOWNHILL,downhill,20
23,JUICE2,juice,21
24,JUICE1,juice,21
25,SCOLD,scold,22
26,POWDER,powder,23
27,SOCIAL,social,24
28,PULLCONVINCE,pull convince,25
29,CAPTURE,capture,26
30,PONDER,ponder,27
31,JOKE,joke,28
32,SOCIETY,society,29
33,WATERDROP,waterdrop,30
34,ANYONE,anyone,31
35,MAPLE,maple,32
36,CEMETERY,cemetery,33
37,FAIL,fail,34
38,KNIGHT4,knight,35
39,KNIGHT2,knight,35
40,KNIGHT1,knight,35
41,KNIGHT3,knight,35
42,ALLOFSUDDEN,all of sudden,36
43,TOTAL,total,37
44,COOL1,cool,38
45,COOL2,cool,38
46,COOL3,cool,38
47,COOL4,cool,38
48,FASHION,fashion,39
49,LONGAGO,long ago,40
50,BECOME,become,41
51,IMPROVE,improve,42
52,UNCERTAIN,uncertain,43
53,GREET2,greet,44
54,GREET1,greet,44
55,PROPOSE,propose,45
56,TOSSOUT,toss out,46
57,SQUARE,square,47
58,EMPTY2,empty,48
59,EMPTY1,empty,48
60,PACK,pack,49
61,THANKYOU,thank you,50
62,EACHOTHER,each other,51
63,PRECIOUS,precious,52
64,WILLGO,will go,53
65,LAYDOWN,lay down,54
66,PARANOID,paranoid,55
67,ALASKA,alaska,56
68,EXPERIMENT,experiment,57
69,EVERYNIGHT,every night,58
70,GETTOGETHER,get together,59
71,STORY3,story,60
72,STORY2,story,60
73,STORY1,story,60
74,SQUEEZE,squeeze,61
75,REMOVE,remove,62
76,KNOCKOFF,knock off,63
77,MOSQUITO,mosquito,64
78,BETWEEN,between,65
79,TOY1,toy,66
80,TOY2,toy,66
81,TOY3,toy,66
82,SPICY,spicy,67
83,JEWELRY,jewelry,68
84,BULLSHIT,bullshit,69
85,ADVANTAGE,advantage,70
86,WHISPER,whisper,71
87,SIGNPAPER,sign paper,72
88,THERAPY,therapy,73
89,DONTFEELLIKE,dont feel like,74
90,COMMUNITY,community,75
91,CLIENT,client,76
92,BREAKFAST1,breakfast,77
93,BREAKFAST2,breakfast,77
94,TURN,turn,78
95,CORNER,corner,79
96,HATBRIM,hatbrim,80
97,GOODYGOODYSHOEOPPOSITE,goody goody shoe opposite,81
98,CASTLE2,castle,82
99,CASTLE1,castle,82
100,CASTLE4,castle,82
101,CASTLE3,castle,82
102,LEND,lend,83
103,SOPHOMORE,sophomore,84
104,SUPERVISOR,supervisor,85
105,SWEARIN,swear in,86
106,INSTITUTE,institute,87
107,LICKENVELOPE1,lick envelope,88
108,PERCEIVE,perceive,89
109,STUMBLE,stumble,90
110,CELEBRATE,celebrate,91
111,TOSS,toss,92
112,WIDE,wide,93
113,PEEL1,peel,94
114,PEEL3,peel,94
115,PEEL2,peel,94
116,DOG2,dog,95
117,DOG4,dog,95
118,DOG3,dog,95
119,DOG1,dog,95
120,FLOAT2,float,96
121,FLOAT1,float,96
122,FLOAT3,float,96
123,THEORY,theory,97
124,SHORTWORD,short word,98
125,LABEL,label,99
126,FIRED,fired,100
127,ADVERTISE,advertise,101
128,DEMOTE,demote,102
129,INHALE,inhale,103
130,ARTICLE,article,104
131,LEAVEALONE,leave alone,105
132,BOWLING2,bowling,106
133,BOWLING1,bowling,106
134,RIDE1,ride,107
135,RIDE2,ride,107
136,DARK2,dark,108
137,DARK1,dark,108
138,DEVOUR,devour,109
139,HATCH1,hatch,110
140,HATCH2,hatch,110
141,PILLOW1,pillow,111
142,PILLOW3,pillow,111
143,PILLOW2,pillow,111
144,CELLPHONE,cellphone,112
145,FLASHLIGHT2,flashlight,113
146,FLASHLIGHT3,flashlight,113
147,FLASHLIGHT1,flashlight,113
148,FLASHLIGHT4,flashlight,113
149,LIGHT,light,114
150,SHIRT1,shirt,115
151,SHIRT2,shirt,115
152,BUMPY,bumpy,116
153,SLIP2,slip,117
154,SLIP1,slip,117
155,SNEEZE1,sneeze,118
156,SNEEZE2,sneeze,118
157,CLOCK2,clock,119
158,CLOCK1,clock,119
159,GLASS2,glass,120
160,GLASS3,glass,120
161,GLASS1,glass,120
162,FRISK,frisk,121
163,SUMMON,summon,122
164,BANANA2,banana,123
165,BANANA4,banana,123
166,BANANA3,banana,123
167,BANANA1,banana,123
168,CHERRY1,cherry,124
169,CHERRY2,cherry,124
170,ELEVATOR2,elevator,125
171,ELEVATOR1,elevator,125
172,ELEVATOR3,elevator,125
173,STACK3,stack,126
174,STACK1,stack,126
175,STACK2,stack,126
176,STACK4,stack,126
177,ENVELOPE2,envelope,127
178,ENVELOPE1,envelope,127
179,ENVELOPE5,envelope,127
180,ENVELOPE3,envelope,127
181,ENVELOPE4,envelope,127
182,BURY1,bury,128
183,BURY2,bury,128
184,BURY3,bury,128
185,BURY4,bury,128
186,ARREST2,arrest,129
187,ARREST1,arrest,129
188,ARREST3,arrest,129
189,KNITTING3,knitting,130
190,KNITTING2,knitting,130
191,KNITTING1,knitting,130
192,SMILE1,smile,131
193,SMILE2,smile,131
194,SCREWDRIVER2,screwdriver,132
195,SCREWDRIVER1,screwdriver,132
196,SCREWDRIVER3,screwdriver,132
197,CLOUD3,cloud,133
198,CLOUD4,cloud,133
199,CLOUD2,cloud,133
200,CLOUD1,cloud,133
201,CARROT3,carrot,134
202,CARROT2,carrot,134
203,CARROT1,carrot,134
204,CRACKER1,cracker,135
205,CRACKER2,cracker,135
206,VAMPIRE,vampire,136
207,POP4,pop,137
208,POP3,pop,137
209,POP2,pop,137
210,POP1,pop,137
211,CROSS3,cross,138
212,CROSS2,cross,138
213,CROSS1,cross,138
214,RAZOR1,razor,139
215,RAZOR2,razor,139
216,JACKET3,jacket,140
217,JACKET2,jacket,140
218,JACKET4,jacket,140
219,JACKET1,jacket,140
220,RABBIT2,rabbit,141
221,RABBIT1,rabbit,141
222,SNOW1,snow,142
223,SNOW2,snow,142
224,BENEFIT,benefit,143
225,EYES,eyes,144
226,GUESS2,guess,145
227,GUESS1,guess,145
228,DEMAND2,demand,146
229,DEMAND1,demand,146
230,CHURCH,church,147
231,COMPUTERMOUSE,computer mouse,148
232,NEED,need,149
233,PINEAPPLE1,pineapple,150
234,PINEAPPLE5,pineapple,150
235,PINEAPPLE2,pineapple,150
236,PINEAPPLE4,pineapple,150
237,PINEAPPLE3,pineapple,150
238,BONE,bone,151
239,CHILDREN,children,152
240,FRUIT,fruit,153
241,ORDER1,order,154
242,ORDER2,order,154
243,PROBLEM2,problem,155
244,PROBLEM1,problem,155
245,WOOD,wood,156
246,DROP,drop,157
247,GAME,game,158
248,FOREIGNER2,foreigner,159
249,FOREIGNER1,foreigner,159
250,APPOINTMENT,appointment,160
251,NOW,now,161
252,SCROLLDOWN,scroll down,162
253,EGO,ego,163
254,TELL,tell,164
255,SOUTH,south,165
256,GOSSIP,gossip,166
257,YESTERDAY,yesterday,167
258,BALANCE,balance,168
259,CALL2,call,169
260,CALL1,call,169
261,AGREEMENT,agreement,170
262,DIRTY,dirty,171
263,NO,no,172
264,CANOE,canoe,173
265,TEST,test,174
266,TEETH,teeth,175
267,KID,kid,176
268,GIRL,girl,177
269,BOAT,boat,178
270,EASY,easy,179
271,SCHOOL,school,180
272,IDEA,idea,181
273,THERMOMETER,thermometer,182
274,LETKNOW,let know,183
275,PREACHER,preacher,184
276,MEET,meet,185
277,ZIPPER,zipper,186
278,MATCH,match,187
279,FAUCET,faucet,188
280,FORFEIT,forfeit,189
281,NEWSPAPER,newspaper,190
282,GOD,god,191
283,FULL,full,192
284,FRIEND,friend,193
285,WIFE,wife,194
286,CRAZY,crazy,195
287,DRAW,draw,196
288,CAR,car,197
289,FRANCE,france,198
290,AMAZING,amazing,199
291,BEAT,beat,200
292,TOOTHBRUSH,toothbrush,201
293,EXCUSE,excuse,202
294,REVENGE,revenge,203
295,DOWNSIZE1,downsize,204
296,DOWNSIZE2,downsize,204
297,LESSON,lesson,205
298,SARCASTIC,sarcastic,206
299,YUCKY,yucky,207
300,PLUG1,plug,208
301,PLUG2,plug,208
302,NUT2,nut,209
303,NUT1,nut,209
304,AVOID,avoid,210
305,FEDUP,fed up,211
306,BYE,bye,212
307,END,end,213
308,GERMANY,germany,214
309,LETMESEE,let me see,215
310,NIECE,niece,216
311,BUT,but,217
312,BUDGET,budget,218
313,SEQUENCE,sequence,219
314,ROCKET1,rocket,220
315,ROCKET2,rocket,220
316,WASH1,wash,221
317,WASH2,wash,221
318,SPONTANEOUS,spontaneous,222
319,FACE,face,223
320,TICKET,ticket,224
321,MOST,most,225
322,FREEDOM,freedom,226
323,CUT,cut,227
324,BUSY,busy,228
325,LOLLIPOP,lollipop,229
326,DEPRESS,depress,230
327,PROOF,proof,231
328,DISRUPT,disrupt,232
329,CAMERAMAN,cameraman,233
330,DRIVE,drive,234
331,BEANS,beans,235
332,PIZZA1,pizza,236
333,PIZZA2,pizza,236
334,SHARE,share,237
335,SLAVE,slave,238
336,INTUITIVE,intuitive,239
337,ON,on,240
338,TRUTH,truth,241
339,VANILLA,vanilla,242
340,COST,cost,243
341,ROOF,roof,244
342,SNEAKADVENTURE,sneak adventure,245
343,LOUSY,lousy,246
344,FUNNY,funny,247
345,SKIN,skin,248
346,LOOKFORWARD,look forward,249
347,SWIM2,swim,250
348,SWIM1,swim,250
349,GOAL,goal,251
350,OUTSIDE,outside,252
351,ORANGETHROAT,orange throat,253
352,ORANGEEYES,orange eyes,254
353,ANSWER,answer,255
354,DISCUSS,discuss,256
355,ROBOT,robot,257
356,MELT,melt,258
357,SUCK,suck,259
358,ROUGH,rough,260
359,PET2,pet,261
360,PET1,pet,261
361,SIGNATURE,signature,262
362,GRAY,gray,263
363,HEAVY,heavy,264
364,TRIP1,trip,265
365,HURDLE/TRIP2,trip,265
366,HURDLE/TRIP1,trip,265
367,TRIP2,trip,265
368,CLIMBLADDER,climb ladder,266
369,SNAP,snap,267
370,ISOLATED,isolated,268
371,MAILMAN,mailman,269
372,BET,bet,270
373,DISTRACTED,distracted,271
374,FREEZE,freeze,272
375,WILL,will,273
376,MEMBER,member,274
377,BEST,best,275
378,BAT2,bat,276
379,BAT3,bat,276
380,BAT1,bat,276
381,MURDER,murder,277
382,LIKE,like,278
383,OVER,over,279
384,DYE,dye,280
385,DRY,dry,281
386,DICTIONARY,dictionary,282
387,TAN,tan,283
388,THEY1,they,284
389,THEY2,they,284
390,THUNDER,thunder,285
391,REDFACED,red faced,286
392,FAN,fan,287
393,QTIP,q tip,288
394,SCARMEMORY,scar memory,289
395,LIMITED,limited,290
396,SIGNINGFLUENTLY,signing fluently,291
397,STARE,stare,292
398,THOUGHTDISAPPEAR,thought disappear,293
399,EVERYTHING,everything,294
400,SO,so,295
401,STADIUM,stadium,296
402,THINKPENETRATE,think penetrate,297
403,CHOKE,choke,298
404,GREENBEANS,green beans,299
405,TOGETHER,together,300
406,VAIN,vain,301
407,COMPASS,compass,302
408,NERVE,nerve,303
409,BOW2,bow,304
410,BOW3,bow,304
411,BOW1,bow,304
412,BOW4,bow,304
413,FRAME,frame,305
414,INSPIRE,inspire,306
415,FOLLOW1,follow,307
416,FOLLOW4,follow,307
417,FOLLOW2,follow,307
418,FOLLOW3,follow,307
419,CLAW,claw,308
420,HAHA,haha,309
421,GOATEE,goatee,310
422,IF,if,311
423,STAMP1,stamp,312
424,STAMP3,stamp,312
425,STAMP2,stamp,312
426,SPREAD2,spread,313
427,SPREAD3,spread,313
428,SPREAD1,spread,313
429,STRAW,straw,314
430,STRONG,strong,315
431,PUTASIDE,put aside,316
432,WISE,wise,317
433,TEMPORARY,temporary,318
434,FAINT,faint,319
435,EVIDENCE,evidence,320
436,EDIT2,edit,321
437,EDIT1,edit,321
438,DISCONNECT,disconnect,322
439,INVISIBLE,invisible,323
440,THESE,these,324
441,CHEW4,chew,325
442,CHEW2,chew,325
443,CHEW3,chew,325
444,CHEW1,chew,325
445,POSTPONE,postpone,326
446,PRINCIPAL,principal,327
447,JOIN,join,328
448,SMOKE,smoke,329
449,REFUSE,refuse,330
450,STRUCTURE,structure,331
451,SNOWMAN,snowman,332
452,VOCABULARY,vocabulary,333
453,FILLOUT,fill out,334
454,TENDENCY,tendency,335
455,SPECIAL1,special,336
456,SPECIAL2,special,336
457,BANDAID1,band aid,337
458,WEIRD,weird,338
459,PUBLIC,public,339
460,PERSPECTIVE,perspective,340
461,DONTNEED,dont need,341
462,CHEERLEADER2,cheerleader,342
463,CHEERLEADER1,cheerleader,342
464,REALLYINTO,really into,343
465,STIMULATE,stimulate,344
466,SCOUT,scout,345
467,BOTHER,bother,346
468,LESBIAN,lesbian,347
469,SWEAT,sweat,348
470,GETOFF,get off,349
471,CAUGHT,caught,350
472,SURGERY,surgery,351
473,BLANK,blank,352
474,BRICK,brick,353
475,KINDERGARTEN,kindergarten,354
476,PHILADELPHIA,philadelphia,355
477,FROMTHENON,from then on,356
478,INFECTION,infection,357
479,TWOOFUS,two of us,358
480,SENIORCITIZEN,senior citizen,359
481,KEEP,keep,360
482,NEGATIVE,negative,361
483,SHOOT2,shoot,362
484,SHOOT1,shoot,362
485,CRANKY,cranky,363
486,AFTERNOON,afternoon,364
487,ERUPT1,erupt,365
488,ERUPT2,erupt,365
489,PASS,pass,366
490,VALIDATE,validate,367
491,CONFUSED1,confused,368
492,CONFUSED2,confused,368
493,REMEMBER2,remember,369
494,REMEMBER1,remember,369
495,WORKSHOP,workshop,370
496,PARALLEL,parallel,371
497,ROOMMATE,roommate,372
498,STRUGGLE,struggle,373
499,BOSTON,boston,374
500,SUPERVISE,supervise,375
501,PRODUCESIGN,produce sign,376
502,SLICE3,slice,377
503,SLICE4,slice,377
504,SLICE1,slice,377
505,SLICE2,slice,377
506,MARCH,march,378
507,ATHLETE,athlete,379
508,DESIGN,design,380
509,PUNCHFACE,punch face,381
510,MEDITATE3,meditate,382
511,MEDITATE1,meditate,382
512,MEDITATE2,meditate,382
513,ITCH,itch,383
514,FISHING1,fishing,384
515,FISHING2,fishing,384
516,RESPECT,respect,385
517,POLISH,polish,386
518,SNAPSTICK,snap stick,387
519,AGAIN,again,388
520,TASTE,taste,389
521,SEVERAL,several,390
522,CHERISH,cherish,391
523,ARM1,arm,392
524,ARM2,arm,392
525,ARM3,arm,392
526,POSITIVE,positive,393
527,FORMER,former,394
528,OVERTAKE,overtake,395
529,CONFLICT,conflict,396
530,CAT3,cat,397
531,CAT2,cat,397
532,CAT1,cat,397
533,WRAPUP2,wrap up 2,398
534,REMIND,remind,399
535,HALFHOUR,half hour,400
536,LONGTIME,long time,401
537,DROWN1,drown,402
538,DROWN2,drown,402
539,DROWN5,drown,402
540,DROWN4,drown,402
541,DROWN3,drown,402
542,FACULTY,faculty,403
543,TABLET,tablet,404
544,TRIPLE,triple,405
545,SWEET,sweet,406
546,MAKEBELIEVE,make believe,407
547,ROAR1,roar,408
548,ROAR2,roar,408
549,REPLACE,replace,409
550,SELL,sell,410
551,FOCUS,focus,411
552,EXPERT,expert,412
553,GRAPES1,grapes,413
554,GRAPES2,grapes,413
555,RHINO3,rhino,414
556,RHINO2,rhino,414
557,RHINO1,rhino,414
558,BLEED,bleed,415
559,POOR,poor,416
560,DEVELOP2,develop,417
561,DEVELOP1,develop,417
562,KISS3,kiss,418
563,KISS2,kiss,418
564,KISS1,kiss,418
565,IPHONE,iphone,419
566,GRANDMOTHER,grandmother,420
567,BRA1,bra,421
568,BRA2,bra,421
569,BRA3,bra,421
570,BALL,ball,422
571,VILLAGE,village,423
572,FURNITURE,furniture,424
573,WITH,with,425
574,EARTH,earth,426
575,TOW1,tow,427
576,TOW2,tow,427
577,TOW3,tow,427
578,BOOTS2,boots,428
579,BOOTS1,boots,428
580,CARVE,carve,429
581,CARDS,cards,430
582,CANADA,canada,431
583,MINIMUM2,minimum,432
584,MINIMUM1,minimum,432
585,JUNIOR,junior,433
586,BLOWCANDLE1,blow candle 1,434
587,CORKSCREW1,corkscrew,435
588,CORKSCREW2,corkscrew,435
589,GLOVES1,gloves,436
590,GLOVES2,gloves,436
591,GLOVES3,gloves,436
592,GLOVES4,gloves,436
593,LEAF2,leaf,437
594,LEAF1,leaf,437
595,NURSE,nurse,438
596,THROW1,throw,439
597,THROW2,throw,439
598,CHEW2MOUTH,chew 2 mouth,440
599,SWEATER1,sweater,441
600,SWEATER2,sweater,441
601,SWEATER3,sweater,441
602,FINALLY,finally,442
603,TRIM2,trim,443
604,TRIM1,trim,443
605,CHEAT1,cheat,444
606,CHEAT2,cheat,444
607,NOSEBLEED,nose bleed,445
608,RACECARTRACK,racecar track,446
609,HELICOPTER1,helicopter,447
610,HELICOPTER2,helicopter,447
611,HELICOPTER3,helicopter,447
612,PECK,peck,448
613,SAW1,saw,449
614,SAW2,saw,449
615,DOLPHIN1,dolphin,450
616,DOLPHIN2,dolphin,450
617,DOLPHIN3,dolphin,450
618,KANGAROO3,kangaroo,451
619,KANGAROO1,kangaroo,451
620,KANGAROO2,kangaroo,451
621,STRAIN1,strain,452
622,STRAIN2,strain,452
623,YEAH,yeah,453
624,ARRIVE,arrive,454
625,MOP1,mop,455
626,MOP2,mop,455
627,SPLASH-CA,ca,456
628,TOOTHBRUSH-CA,ca,456
629,STRETCH-CA,ca,456
630,SKI-CA,ca,456
631,STAND2,stand,457
632,STAND1,stand,457
633,MEASURE2,measure,458
634,MEASURE1,measure,458
635,SHAVE4,shave,459
636,SHAVE5,shave,459
637,SHAVE1,shave,459
638,SHAVE2,shave,459
639,SHAVE3,shave,459
640,CAUSE,cause,460
641,RUNFAUCET,run faucet,461
642,STRETCH1,stretch,462
643,STRETCH2,stretch,462
644,PEACH2,peach,463
645,PEACH1,peach,463
646,DIP2,dip,464
647,DIP1,dip,464
648,DIP3,dip,464
649,DUCK2,duck,465
650,DUCK1,duck,465
651,SIGNLANGUAGE,sign language,466
652,GUN2,gun,467
653,GUN3,gun,467
654,GUN1,gun,467
655,BOIL2,boil,468
656,BOIL1,boil,468
657,LIGHTCANDLE,light candle,469
658,MOUNTAIN2,mountain,470
659,MOUNTAIN1,mountain,470
660,FRENCH,french,471
661,PARACHUTE1,parachute,472
662,PARACHUTE2,parachute,472
663,PARACHUTE3,parachute,472
664,CALENDAR2,calendar,473
665,CALENDAR1,calendar,473
666,RUSSIA,russia,474
667,TV,tv,475
668,MAGIC,magic,476
669,WHATFOR3,what for,477
670,WHATFOR2,what for,477
671,WHATFOR1,what for,477
672,LINE,line,478
673,MIX1,mix,479
674,MIX2,mix,479
675,MIX3,mix,479
676,CAPTION,caption,480
677,JELLY,jelly,481
678,ENJOY,enjoy,482
679,ERASE2,erase,483
680,ERASE4,erase,483
681,ERASE5,erase,483
682,ERASE3,erase,483
683,ERASE1,erase,483
684,WANT1,want,484
685,WANT2,want,484
686,PIPE2,pipe,485
687,PIPE4,pipe,485
688,PIPE3,pipe,485
689,PIPE1,pipe,485
690,DART,dart,486
691,SURE,sure,487
692,LOBSTER3,lobster,488
693,LOBSTER2,lobster,488
694,LOBSTER1,lobster,488
695,CANDLE,candle,489
696,SANDWICH3,sandwich,490
697,SANDWICH4,sandwich,490
698,SANDWICH1,sandwich,490
699,SANDWICH2,sandwich,490
700,NECKLACE1,necklace,491
701,NECKLACE2,necklace,491
702,NECKLACE3,necklace,491
703,NECKLACE4,necklace,491
704,BUN,bun,492
705,TEAR,tear,493
706,SECRET,secret,494
707,HOUSE,house,495
708,DOLL,doll,496
709,TANKTOP,tanktop,497
710,HAIRCUT,haircut,498
711,ADULT,adult,499
712,JUGGLE,juggle,500
713,ORAL,oral,501
714,SCAN,scan,502
715,HOTCOMPETITION,hot competition,503
716,TAIL2,tail,504
717,TAIL1,tail,504
718,EARN,earn,505
719,WELL,well,506
720,BICYCLE,bicycle,507
721,STEAK,steak,508
722,THIRSTY,thirsty,509
723,SMOKING,smoking,510
724,PATIENT1,patient,511
725,PATIENT2,patient,511
726,PATIENT3,patient,511
727,PAINT,paint,512
728,STOCKINGS,stockings,513
729,LOCK1,lock,514
730,LOCK2,lock,514
731,LOCK3,lock,514
732,EAR,ear,515
733,PERSISTENT,persistent,516
734,FEBRUARY,february,517
735,TROPHY,trophy,518
736,HEAR2,hear,519
737,HEAR1,hear,519
738,LESS,less,520
739,DICE,dice,521
740,YOUNG,young,522
741,IMPACT,impact,523
742,INTERPRETER,interpreter,524
743,EAGLE2,eagle,525
744,EAGLE1,eagle,525
745,RELAX2,relax,526
746,RELAX1,relax,526
747,STUCK,stuck,527
748,OHISEE,oh i see,528
749,RAT,rat,529
750,SHAME,shame,530
751,OFFHAND,offhand,531
752,CIRCLE,circle,532
753,PEANUTBUTTER,peanut butter,533
754,BELT1,belt,534
755,BELT2,belt,534
756,TODAY,today,535
757,OPENBOOK,open book,536
758,USE,use,537
759,WEIGHT,weight,538
760,CHARGECARD,charge card,539
761,SHARK1,shark,540
762,SHARK2,shark,540
763,OPENWALLET,open wallet,541
764,CREATE,create,542
765,SILVER,silver,543
766,PLENTY,plenty,544
767,CHANGE,change,545
768,OBVIOUS,obvious,546
769,PHARMACIST,pharmacist,547
770,BEE2,bee,548
771,BEE1,bee,548
772,SPRING,spring,549
773,REFLECT,reflect,550
774,BIND,bind,551
775,BULLDOZER,bulldozer,552
776,MISSING,missing,553
777,IMMERSE,immerse,554
778,TAKEOFF2,take off,555
779,TAKEOFF1,take off,555
780,TRUEBUSINESS,true business,556
781,AUDIENCE,audience,557
782,WRAP,wrap,558
783,PENGUIN,penguin,559
784,DELINQUENT,delinquent,560
785,PJS,pjs,561
786,DANGER,danger,562
787,SPENDLOTSOFMONEY,spend lots of money,563
788,BEG,beg,564
789,BOMB,bomb,565
790,CHIN,chin,566
791,SWING2,swing,567
792,SWING1,swing,567
793,SOFT,soft,568
794,CARACCIDENT,car accident,569
795,FIRETRUCK,firetruck,570
796,CLAUSE,clause,571
797,WHITE,white,572
798,PUT,put,573
799,SUPPORT2,support,574
800,SUPPORT1,support,574
801,CLUELESS,clueless,575
802,TWINS1,twins,576
803,TWINS2,twins,576
804,WASHFACE1,wash face 1,577
805,PLAIN,plain,578
806,HEARTTOUCH,heart touch,579
807,FREE,free,580
808,CANCER1,cancer,581
809,CANCER2,cancer,581
810,SLED2,sled,582
811,SLED1,sled,582
812,CAMEL,camel,583
813,TOAGOAL,to a goal,584
814,KNOCK,knock,585
815,BRAILLE,braille,586
816,RUNOUTOF,run out of,587
817,FENCING,fencing,588
818,DESSERT,dessert,589
819,MUSCLE,muscle,590
820,SLIDE1,slide,591
821,SLIDE2,slide,591
822,ECLIPSE,eclipse,592
823,BUTTONS,buttons,593
824,GUM,gum,594
825,RACE,race,595
826,LICK2,lick,596
827,LICK1,lick,596
828,OPERATEMACHINE,operate machine,597
829,LIPS,lips,598
830,RUIN,ruin,599
831,UNICORN,unicorn,600
832,BACKYARD,backyard,601
833,KISSONCHEEK,kiss on cheek,602
834,BUFFALO,buffalo,603
835,SHOULD,should,604
836,PINON,pin on,605
837,CURIOUS,curious,606
838,NAIL,nail,607
839,MELON,melon,608
840,FIX,fix,609
841,ARGUE,argue,610
842,SEVEN,seven,611
843,DININGROOM,dining room,612
844,HOLD1,hold,613
845,HOLD2,hold,613
846,REFRIGERATOR,refrigerator,614
847,TAPE,tape,615
848,MICROPHONE,microphone,616
849,NEXTTO,next to,617
850,ARCHEOLOGY,archeology,618
851,OCEAN,ocean,619
852,PERMISSION,permission,620
853,SKUNK,skunk,621
854,CONVINCE1,convince,622
855,CONVINCE2,convince,622
856,HALF,half,623
857,SOUR,sour,624
858,WEEKEND,weekend,625
859,VISUALIZE,visualize,626
860,SCORE,score,627
861,NEWSTOME,news to me,628
862,FENCE2,fence,629
863,FENCE1,fence,629
864,IMMATURE,immature,630
865,BACKUP,back up,631
866,THINKEXPAND,think expand,632
867,CELERY,celery,633
868,DOCUMENT,document,634
869,DREADLOCKS,dreadlocks,635
870,PROGRAM,program,636
871,VERY,very,637
872,SAXOPHONE,saxophone,638
873,BUSTED,busted,639
874,HANDSOFF,hands off,640
875,TIMEPROGRESS,time progress,641
876,RESIST,resist,642
877,NEEDLE,needle,643
878,SOUND,sound,644
879,SIREN,siren,645
880,DUTY,duty,646
881,MEMORIZE,memorize,647
882,PROTEST,protest,648
883,ONEMORE1,one more 1,649
884,SPILL2,spill,650
885,SPILL1,spill,650
886,SELF,self,651
887,SHARPEN3,sharpen,652
888,SHARPEN1,sharpen,652
889,SHARPEN2,sharpen,652
890,TOP,top,653
891,AREA,area,654
892,PHILOSOPHY,philosophy,655
893,SHARP2,sharp,656
894,SHARP1,sharp,656
895,HOLY,holy,657
896,WHILE,while,658
897,FINGERSCROSSED,fingers crossed,659
898,QUARTER,quarter,660
899,STUDY,study,661
900,HONGKONG,hongkong,662
901,COACH,coach,663
902,DIZZY,dizzy,664
903,ENVIRONMENT,environment,665
904,CANNON,cannon,666
905,PAIR,pair,667
906,BLINK,blink,668
907,NAVY,navy,669
908,REACT,react,670
909,PHOTOGRAPHY,photography,671
910,UNAWARE,unaware,672
911,SAVEMONEY,save money,673
912,HEADBACK,head back,674
913,CATCH3,catch,675
914,CATCH2,catch,675
915,CATCH1,catch,675
916,W.H.A.T,w.h.a.t,676
917,CALM,calm,677
918,ICE,ice,678
919,DOWN,down,679
920,OPINION1,opinion,680
921,OPINION2,opinion,680
922,BASKET2,basket,681
923,BASKET1,basket,681
924,KICK1,kick,682
925,KICK2,kick,682
926,LINGUISTICS,linguistics,683
927,STEAM,steam,684
928,CRASH,crash,685
929,BURN,burn,686
930,SPECIALIST,specialist,687
931,LOAD1,load,688
932,LOAD2,load,688
933,SINGLEOUT,single out,689
934,TICKLE,tickle,690
935,WASHFACE2,wash face 2,691
936,VIDEOGAME,videogame,692
937,MODEL1,model,693
938,MODEL2,model,693
939,SAMETIME,same time,694
940,NOTATHING,not a thing,695
941,OFTEN,often,696
942,HOSPITAL1,hospital,697
943,HOSPITAL2,hospital,697
944,GREAT,great,698
945,NOTHINGATALL,nothing at all,699
946,CALIFORNIA,california,700
947,ADMIRE,admire,701
948,CARRY,carry,702
949,TWOWEEKS,two weeks,703
950,NEXTYEAR,next year,704
951,ONCE,once,705
952,FLIP,flip,706
953,AGAINST,against,707
954,WITHOUT,without,708
955,ROLE,role,709
956,GRIND,grind,710
957,FILE2,file,711
958,FILE3,file,711
959,FILE1,file,711
960,US,us,712
961,SEESEE,see see,713
962,BASKETBALL3,basketball,714
963,BASKETBALL1,basketball,714
964,BASKETBALL2,basketball,714
965,ARIZONA,arizona,715
966,MINE,mine,716
967,MAINSTREAM,mainstream,717
968,SAIL2,sail,718
969,SAIL1,sail,718
970,HAWAII,hawaii,719
971,COMMITTEE,committee,720
972,SHOULDER2,shoulder,721
973,SHOULDER3,shoulder,721
974,SHOULDER1,shoulder,721
975,BLUR,blur,722
976,CRY1,cry,723
977,CRY2,cry,723
978,CRY4,cry,723
979,CRY3,cry,723
980,BRIDGE1,bridge,724
981,BRIDGE2,bridge,724
982,CRUMPLE,crumple,725
983,TIE2,tie,726
984,TIE1,tie,726
985,HOODIE1,hoodie,727
986,HOODIE2,hoodie,727
987,HIPPO1,hippo,728
988,HIPPO2,hippo,728
989,TURKEY2,turkey,729
990,TURKEY1,turkey,729
991,CITY2,city,730
992,CITY1,city,730
993,AWARD,award,731
994,IDENTITY,identity,732
995,SUNRISE,sunrise,733
996,COMB1,comb,734
997,COMB2,comb,734
998,GROUP,group,735
999,BITEONARM,bite on arm,736
1000,HAT2,hat,737
1001,HAT1,hat,737
1002,POPULAR,popular,738
1003,DEPARTMENT,department,739
1004,FORK4,fork,740
1005,FORK1,fork,740
1006,FORK3,fork,740
1007,FORK2,fork,740
1008,WRESTLE,wrestle,741
1009,WEAK,weak,742
1010,FOUL,foul,743
1011,ONEMORE2,one more 2,744
1012,INDIAN,indian,745
1013,TWIRL,twirl,746
1014,QM,qm,747
1015,POINTINDEX,point index,748
1016,MEDICINE,medicine,749
1017,GO,go,750
1018,TINY,tiny,751
1019,ALL,all,752
1020,ALLOVER,all over,753
1021,WHISTLE1,whistle,754
1022,WHISTLE2,whistle,754
1023,MILK2,milk,755
1024,MILK1,milk,755
1025,TRIANGLE,triangle,756
1026,GETINBED,get in bed,757
1027,POLICEMAN1,policeman,758
1028,POLICEMAN2,policeman,758
1029,CAKE,cake,759
1030,PENNY,penny,760
1031,COPY,copy,761
1032,8HOUR,8 hour,762
1033,MOUTH,mouth,763
1034,PEG3,peg,764
1035,PEG1,peg,764
1036,PEG2,peg,764
1037,MEAT1,meat,765
1038,MEAT2,meat,765
1039,VLOG,vlog,766
1040,BLINDS2,blinds,767
1041,BLINDS1,blinds,767
1042,METAL,metal,768
1043,CHEER,cheer,769
1044,GRAMMAR,grammar,770
1045,RIGHT3,right,771
1046,RIGHT2,right,771
1047,RIGHT1,right,771
1048,DOWNLOAD,download,772
1049,TEACH1,teach,773
1050,TEACH2,teach,773
1051,FINE1,fine,774
1052,FINE2,fine,774
1053,VOICE,voice,775
1054,HOW1,how,776
1055,HOW2,how,776
1056,WALK-TIGHTROPE-CL,cl,777
1057,BABY2,baby,778
1058,BABY1,baby,778
1059,MYSELF,myself,779
1060,OFFEND,offend,780
1061,SHOCKED,shocked,781
1062,DECORATE2,decorate,782
1063,DECORATE1,decorate,782
1064,LONGLINE,long line,783
1065,ENOUGH,enough,784
1066,UNCLE,uncle,785
1067,SKI,ski,786
1068,DECIDE2,decide,787
1069,DECIDE1,decide,787
1070,VOMIT,vomit,788
1071,TOMATO,tomato,789
1072,SINCE,since,790
1073,MICROSCOPE2,microscope,791
1074,MICROSCOPE3,microscope,791
1075,MICROSCOPE1,microscope,791
1076,BACK,back,792
1077,PRETEND,pretend,793
1078,FOREVER2,forever,794
1079,FOREVER1,forever,794
1080,SELECT,select,795
1081,WEIGH,weigh,796
1082,COOPERATE,cooperate,797
1083,SUSHI,sushi,798
1084,OFF,off,799
1085,GHOST,ghost,800
1086,ELEVEN,eleven,801
1087,SLIPPER,slipper,802
1088,DEFLATE,deflate,803
1089,CLOSEEYES,close eyes,804
1090,CRAWL1,crawl,805
1091,CRAWL2,crawl,805
1092,BULL,bull,806
1093,TENT,tent,807
1094,DIG,dig,808
1095,PASSPORT,passport,809
1096,DIVIDE,divide,810
1097,SHOVEL1,shovel,811
1098,SHOVEL2,shovel,811
1099,VASE,vase,812
1100,APART,apart,813
1101,HANG,hang,814
1102,WADE1,wade,815
1103,WADE2,wade,815
1104,KNIFE1,knife,816
1105,KNIFE2,knife,816
1106,WALRUS,walrus,817
1107,BUBBLES,bubbles,818
1108,BISON,bison,819
1109,CANNOT,cannot,820
1110,PIZZACUTTER,pizza cutter,821
1111,NINE,nine,822
1112,SALTSHAKER,salt shaker,823
1113,PHYSICS,physics,824
1114,ROCKINGCHAIR2,rocking chair,825
1115,ROCKINGCHAIR1,rocking chair,825
1116,ZOO,zoo,826
1117,GUIDE,guide,827
1118,WORD,word,828
1119,EASTER,easter,829
1120,LIPREAD,lipread,830
1121,HOLDACCOUNTABLE,hold accountable,831
1122,SHAPE,shape,832
1123,REGISTER,register,833
1124,GATE,gate,834
1125,PROPELLER,propeller,835
1126,NEXT,next,836
1127,BOLT,bolt,837
1128,DEAF2,deaf,838
1129,DEAF1,deaf,838
1130,DRAGON,dragon,839
1131,MAGNET4,magnet,840
1132,MAGNET2,magnet,840
1133,MAGNET1,magnet,840
1134,MAGNET3,magnet,840
1135,MUST,must,841
1136,SPORTS,sports,842
1137,JEALOUS,jealous,843
1138,MEETING,meeting,844
1139,AWAY,away,845
1140,KILL,kill,846
1141,NOTYET,not yet,847
1142,DRIP,drip,848
1143,ANTLERS,antlers,849
1144,MONSTER,monster,850
1145,HERE,here,851
1146,FORGETFUL,forgetful,852
1147,SEEM,seem,853
1148,CHRISTMAS1,christmas,854
1149,CHRISTMAS2,christmas,854
1150,BETTER,better,855
1151,QUIT,quit,856
1152,BANK,bank,857
1153,INSPIRING,inspiring,858
1154,GETTHROUGH,get through,859
1155,CRACK,crack,860
1156,CREAM1,cream,861
1157,CREAM2,cream,861
1158,NIGHT2,night,862
1159,NIGHT1,night,862
1160,BLOWMIND,blow mind,863
1161,CANCEL2,cancel,864
1162,CANCEL1,cancel,864
1163,PUSH,push,865
1164,GRADE,grade,866
1165,RULE,rule,867
1166,BRING,bring,868
1167,SANTA,santa,869
1168,FIANCE,fiance,870
1169,STRING,string,871
1170,SIT,sit,872
1171,MARIONETTE,marionette,873
1172,GOTOJAIL,go to jail,874
1173,ESCAPE,escape,875
1174,EAST,east,876
1175,BUS,bus,877
1176,PITCHER,pitcher,878
1177,TIREDOF,tired of,879
1178,CHOPSTICKS,chopsticks,880
1179,AWAKE,awake,881
1180,CLAP,clap,882
1181,CARBATTERY,car battery,883
1182,SPOTSOMETHING,spot something,884
1183,EARLY,early,885
1184,BELIEVE2,believe,886
1185,BELIEVE1,believe,886
1186,CLOSET1,closet,887
1187,CLOSET2,closet,887
1188,PORCUPINE,porcupine,888
1189,EFFECT,effect,889
1190,NOTUNDERSTAND,not understand,890
1191,LOVE,love,891
1192,FIT,fit,892
1193,INNOCENT,innocent,893
1194,DAUGHTER,daughter,894
1195,SAFE,safe,895
1196,SOMETIMES,sometimes,896
1197,SUIT,suit,897
1198,BLESS,bless,898
1199,WINDY,windy,899
1200,FINGER,finger,900
1201,FUN,fun,901
1202,MISS,miss,902
1203,GATECLOSE,gate close,903
1204,HALLOWEEN1,halloween,904
1205,HALLOWEEN2,halloween,904
1206,THRILLED,thrilled,905
1207,STILL,still,906
1208,SHUTOUT,shut out,907
1209,DINNER1,dinner,908
1210,DINNER2,dinner,908
1211,RESTLESS,restless,909
1212,SAVE,save,910
1213,MUMMY,mummy,911
1214,JOURNEY,journey,912
1215,DISPATCH,dispatch,913
1216,DEDICATE2,dedicate,914
1217,DEDICATE1,dedicate,914
1218,PLATFORM,platform,915
1219,TO,to,916
1220,CALCULATOR,calculator,917
1221,CROWN,crown,918
1222,SYSTEM,system,919
1223,INSTEAD,instead,920
1224,SHOOTING,shooting,921
1225,LASTWEEK,last week,922
1226,RETRIEVE,retrieve,923
1227,MAD,mad,924
1228,HAIRDRESSER,hairdresser,925
1229,COMMUTE,commute,926
1230,ILOVEYOU,i love you,927
1231,BEND,bend,928
1232,AVERAGE,average,929
1233,IMPRESS,impress,930
1234,VOLUNTEER,volunteer,931
1235,STAY,stay,932
1236,VANISH,vanish,933
1237,RIVER2,river,934
1238,RIVER1,river,934
1239,HUNDRED,hundred,935
1240,NOBIGDEAL,no big deal,936
1241,NECK,neck,937
1242,CLOSEDOOR,close door,938
1243,ALLOVERBODY,all over body,939
1244,AXE1,axe,940
1245,AXE2,axe,940
1246,HEAP,heap,941
1247,DONTCARE,dont care,942
1248,ACQUIRE,acquire,943
1249,CULTURE,culture,944
1250,SHAMEONYOU,shame on you,945
1251,NAKED,naked,946
1252,BURP,burp,947
1253,TOPIC,topic,948
1254,MANAGE,manage,949
1255,PROFOUNDLYDEAF,profoundly deaf,950
1256,WHYNOT,why not,951
1257,READY,ready,952
1258,CASUAL,casual,953
1259,AT,at,954
1260,BABYSITTER,babysitter,955
1261,WIND,wind,956
1262,LAW,law,957
1263,SCRATCH,scratch,958
1264,PRIORITY,priority,959
1265,KITTEN,kitten,960
1266,INTERVENE,intervene,961
1267,TAKENOTES,take notes,962
1268,HOE,hoe,963
1269,YOYO,yoyo,964
1270,COMPLAIN,complain,965
1271,WELCOME1,welcome,966
1272,WELCOME2,welcome,966
1273,TRUCK2,truck,967
1274,TRUCK1,truck,967
1275,PERIOD,period,968
1276,GOTHROUGH,go through,969
1277,SEAL,seal,970
1278,SITUATION,situation,971
1279,INSTAGRAM,instagram,972
1280,ORGANIZATION,organization,973
1281,MAGNIFY2,magnify,974
1282,MAGNIFY1,magnify,974
1283,VEST,vest,975
1284,WALK2,walk,976
1285,WALK1,walk,976
1286,CONFIDENTIAL,confidential,977
1287,DONKEY,donkey,978
1288,RETIRE,retire,979
1289,SKILL,skill,980
1290,LEFT,left,981
1291,SCULPT,sculpt,982
1292,FANTASY,fantasy,983
1293,CLASH,clash,984
1294,ENERGY,energy,985
1295,ANALYZE,analyze,986
1296,VALLEY,valley,987
1297,SQUAREIDIOT,square idiot,988
1298,FOND,fond,989
1299,VISITOR,visitor,990
1300,SOFA,sofa,991
1301,SKATEBOARDING2,skateboarding,992
1302,SKATEBOARDING3,skateboarding,992
1303,SKATEBOARDING1,skateboarding,992
1304,GOINGTHROUGHAHARDTIME,going through a hard time,993
1305,POUR2,pour,994
1306,POUR1,pour,994
1307,YAWN1,yawn,995
1308,YAWN2,yawn,995
1309,YAWN3,yawn,995
1310,YAWN4,yawn,995
1311,WHITEPERSON,white person,996
1312,STAYAWAKE24HRS,stay awake 24hrs,997
1313,BAG1,bag,998
1314,BAG2,bag,998
1315,NONSENSE,nonsense,999
1316,NETWORK,network,1000
1317,BITE2,bite,1001
1318,BITE1,bite,1001
1319,QUALITY,quality,1002
1320,SHOUT2,shout,1003
1321,SHOUT1,shout,1003
1322,OPEN,open,1004
1323,TRADITION,tradition,1005
1324,COMMENT,comment,1006
1325,CORN3,corn,1007
1326,CORN1,corn,1007
1327,CORN2,corn,1007
1328,DEAFSCHOOL,deaf school,1008
1329,MIDDLE,middle,1009
1330,KISSFIST,kiss fist,1010
1331,SIDE,side,1011
1332,LICENSE,license,1012
1333,LEAGUE,league,1013
1334,DOCTOR1,doctor,1014
1335,DOCTOR2,doctor,1014
1336,SWEETHEART,sweetheart,1015
1337,TEARRIP2,tear rip 2,1016
1338,ALIGN,align,1017
1339,TEENAGER,teenager,1018
1340,PUMPKIN,pumpkin,1019
1341,ATTITUDE,attitude,1020
1342,LAMP1,lamp,1021
1343,LAMP2,lamp,1021
1344,ADDICT,addict,1022
1345,FOURTH,fourth,1023
1346,STING,sting,1024
1347,FROWN1,frown,1025
1348,FROWN2,frown,1025
1349,PISSEDOFF,pissed off,1026
1350,POOP,poop,1027
1351,WRISTWATCH1,wristwatch,1028
1352,WRISTWATCH2,wristwatch,1028
1353,WRISTWATCH3,wristwatch,1028
1354,RECENT2,recent,1029
1355,RECENT1,recent,1029
1356,FEEDBACK,feedback,1030
1357,LOSEGAME,lose game,1031
1358,LOST,lost,1032
1359,1DOLLAR,1 dollar,1033
1360,PUNISH,punish,1034
1361,MINDTURNED,mind turned,1035
1362,HARDOFHEARING,hard of hearing,1036
1363,REGULAR,regular,1037
1364,WASHMACHINE,wash machine,1038
1365,FEED2,feed,1039
1366,FEED1,feed,1039
1367,WINDMILL2,windmill,1040
1368,WINDMILL1,windmill,1040
1369,WINDMILL3,windmill,1040
1370,EITHER,either,1041
1371,BRAINSTORM,brainstorm,1042
1372,SOMERSAULT3,somersault,1043
1373,SOMERSAULT1,somersault,1043
1374,SOMERSAULT2,somersault,1043
1375,INEPT,inept,1044
1376,WHOLE,whole,1045
1377,SUPERIOR,superior,1046
1378,SAMESAME,same same,1047
1379,JUMP,jump,1048
1380,FOOL,fool,1049
1381,FAST,fast,1050
1382,BED2,bed,1051
1383,BED1,bed,1051
1384,JEWISH,jewish,1052
1385,IMAGINE2,imagine,1053
1386,IMAGINE1,imagine,1053
1387,CURTSEY1,curtsey,1054
1388,CURTSEY2,curtsey,1054
1389,HAIRDRYER3,hairdryer,1055
1390,HAIRDRYER1,hairdryer,1055
1391,HAIRDRYER2,hairdryer,1055
1392,PICK,pick,1056
1393,SCOOP,scoop,1057
1394,UNDERGRADUATE,undergraduate,1058
1395,HONOR,honor,1059
1396,ASSEMBLY,assembly,1060
1397,STOP,stop,1061
1398,SNOWBOARD,snowboard,1062
1399,TIEUP2,tie up 2,1063
1400,BARK1,bark,1064
1401,BARK3,bark,1064
1402,BARK2,bark,1064
1403,THINKCHIN,think chin,1065
1404,MONEY2,money,1066
1405,MONEY1,money,1066
1406,SEE,see,1067
1407,OFFTHEPOINT,off the point,1068
1408,STUPID1,stupid,1069
1409,STUPID2,stupid,1069
1410,THINKPONDER,think ponder,1070
1411,BLUE,blue,1071
1412,LIST,list,1072
1413,MASCARA,mascara,1073
1414,SWEEP,sweep,1074
1415,NEVER,never,1075
1416,PITY,pity,1076
1417,PROTECTION,protection,1077
1418,DRILL,drill,1078
1419,BUCKLE1,buckle,1079
1420,BUCKLE2,buckle,1079
1421,METAPHOR,metaphor,1080
1422,ITALY,italy,1081
1423,FOLD2,fold,1082
1424,FOLD1,fold,1082
1425,BATTERY,battery,1083
1426,THINK,think,1084
1427,BEARD,beard,1085
1428,PANTS1,pants,1086
1429,PANTS2,pants,1086
1430,DENTIST2,dentist,1087
1431,DENTIST1,dentist,1087
1432,WINE,wine,1088
1433,OWN,own,1089
1434,SMALL,small,1090
1435,JAPAN,japan,1091
1436,LOSE,lose,1092
1437,INTRODUCE,introduce,1093
1438,SHINY,shiny,1094
1439,MAIL2,mail,1095
1440,MAIL1,mail,1095
1441,HELMET2,helmet,1096
1442,HELMET1,helmet,1096
1443,BOTTLE,bottle,1097
1444,WINK,wink,1098
1445,CANDY2,candy,1099
1446,CANDY1,candy,1099
1447,STEAL,steal,1100
1448,BEHAVIOR,behavior,1101
1449,WHAT1,what,1102
1450,WHAT2,what,1102
1451,CATEGORY,category,1103
1452,FEW,few,1104
1453,RAKE,rake,1105
1454,ZERO,zero,1106
1455,STEP,step,1107
1456,IGNORE,ignore,1108
1457,EARRING,earring,1109
1458,FASCINATED,fascinated,1110
1459,MISUNDERSTAND,misunderstand,1111
1460,HOLDTOGETHER,hold together,1112
1461,COMEOUT,come out,1113
1462,VACUUM,vacuum,1114
1463,MISCHIEVOUS,mischievous,1115
1464,COUNTRY,country,1116
1465,HOSE,hose,1117
1466,GRASP,grasp,1118
1467,THROWAWAY,throw away,1119
1468,COME,come,1120
1469,PRAYER,prayer,1121
1470,YELLOW,yellow,1122
1471,WRITE,write,1123
1472,SCRUB,scrub,1124
1473,BLOND,blond,1125
1474,WAND,wand,1126
1475,DONTKNOW,dont know,1127
1476,LIGHTSON,lights on,1128
1477,MECHANIC1,mechanic,1129
1478,MECHANIC2,mechanic,1129
1479,REQUEST,request,1130
1480,BACHELOR,bachelor,1131
1481,GRIEVE,grieve,1132
1482,PUTINBACKMIND,put in back mind,1133
1483,BERRY,berry,1134
1484,SEND,send,1135
1485,CROCODILE,crocodile,1136
1486,LUCKY,lucky,1137
1487,ALONE,alone,1138
1488,DENY,deny,1139
1489,THINKOVER,think over,1140
1490,LIGHTNING,lightning,1141
1491,LEARNLESSON,learn lesson,1142
1492,GAY,gay,1143
1493,PRIEST,priest,1144
1494,SUMMARIZE,summarize,1145
1495,FROG,frog,1146
1496,WINDOWOPEN,window open,1147
1497,SPECIFIC,specific,1148
1498,TAKEPILL,take pill,1149
1499,BUY,buy,1150
1500,FORBID,forbid,1151
1501,CAMCORDER,camcorder,1152
1502,HALL,hall,1153
1503,GRAB,grab,1154
1504,RUSH,rush,1155
1505,FINANCE,finance,1156
1506,HATE,hate,1157
1507,HOT,hot,1158
1508,DISLIKE,dislike,1159
1509,WOW,wow,1160
1510,THIS/IT,it,1161
1511,GAMBLE,gamble,1162
1512,PAYOFFBILLS,pay off bills,1163
1513,WASHDISHES,wash dishes,1164
1514,STRAIGHT,straight,1165
1515,STATE,state,1166
1516,PARTY2,party,1167
1517,PARTY1,party,1167
1518,EVEN,even,1168
1519,DEPTH,depth,1169
1520,DRESSER,dresser,1170
1521,TURBAN,turban,1171
1522,TOOMUCH,too much,1172
1523,HIGHLIGHTER,highlighter,1173
1524,LETGO,let go,1174
1525,MOTIVATION2,motivation,1175
1526,MOTIVATION1,motivation,1175
1527,TTY,tty,1176
1528,EXPECT,expect,1177
1529,ROAD,road,1178
1530,NOTHING1,nothing,1179
1531,NOTHING2,nothing,1179
1532,CHOP,chop,1180
1533,AUTISM2,autism,1181
1534,AUTISM1,autism,1181
1535,YOURSELF,yourself,1182
1536,PAGE,page,1183
1537,PASSOUT,pass out,1184
1538,BELL,bell,1185
1539,SMELLMONEY,smell money,1186
1540,OK,ok,1187
1541,BASEBALLCAP,baseball cap,1188
1542,WRITEONWALL,write on wall,1189
1543,NOON2,noon,1190
1544,NOON1,noon,1190
1545,DISAPPOINT,disappoint,1191
1546,SIX,six,1192
1547,ROLL,roll,1193
1548,SCREAM,scream,1194
1549,CHEEK,cheek,1195
1550,HEAD,head,1196
1551,CLOSE,close,1197
1552,TOWEL,towel,1198
1553,SINGLE,single,1199
1554,GIVE,give,1200
1555,FRY,fry,1201
1556,GRANDPARENTS,grandparents,1202
1557,DRUG,drug,1203
1558,PREDICT,predict,1204
1559,UNTIL,until,1205
1560,ASSIGN,assign,1206
1561,UPSET2,upset,1207
1562,UPSET1,upset,1207
1563,GRADUATESCHOOL,graduate school,1208
1564,CATEPILLAR,catepillar,1209
1565,APRIL,april,1210
1566,DELEGATE,delegate,1211
1567,LONG,long,1212
1568,HURRY,hurry,1213
1569,TAKE,take,1214
1570,OPTION,option,1215
1571,ROLLUPSLEEVES,roll up sleeves,1216
1572,PEAR,pear,1217
1573,EXPERIENCED,experienced,1218
1574,INTENTIONAL,intentional,1219
1575,TOMORROW,tomorrow,1220
1576,HIS,his,1221
1577,HARP,harp,1222
1578,THIRD1,third,1223
1579,THIRD2,third,1223
1580,WHEEL,wheel,1224
1581,RAINBOW,rainbow,1225
1582,VALUE,value,1226
1583,EARMUFFS,earmuffs,1227
1584,DOESNTMATTER,doesnt matter,1228
1585,BOYFRIEND,boyfriend,1229
1586,POPE,pope,1230
1587,EVENT,event,1231
1588,FLAG2,flag,1232
1589,FLAG1,flag,1232
1590,HELL,hell,1233
1591,FORM,form,1234
1592,HOOD,hood,1235
1593,ARTICULATESIGN,articulate sign,1236
1594,YAY,yay,1237
1595,BREAKTIME,breaktime,1238
1596,CROSSHEART,cross heart,1239
1597,TRANSGENDER,transgender,1240
1598,CHILD,child,1241
1599,RUN1,run,1242
1600,RUN2,run,1242
1601,YES,yes,1243
1602,DEFEAT,defeat,1244
1603,INTERPRET,interpret,1245
1604,SOFTBALL,softball,1246
1605,HEADCOLD,headcold,1247
1606,SENTENCE1,sentence,1248
1607,SENTENCE2,sentence,1248
1608,TRACTOR,tractor,1249
1609,WHEELCHAIR,wheelchair,1250
1610,HANDS,hands,1251
1611,COUCH,couch,1252
1612,BEACH,beach,1253
1613,FRINGE,fringe,1254
1614,LAND,land,1255
1615,BOTH,both,1256
1616,PINCH1,pinch,1257
1617,PINCH2,pinch,1257
1618,LIFT1,lift,1258
1619,LIFT2,lift,1258
1620,RECITE,recite,1259
1621,EIGHT,eight,1260
1622,CURLYHAIR,curly hair,1261
1623,BOILINGMAD,boiling mad,1262
1624,EVERYYEAR,every year,1263
1625,MESS,mess,1264
1626,WHALE,whale,1265
1627,HOLDHANDS,hold hands,1266
1628,ALRIGHT,alright,1267
1629,PLUMMET,plummet,1268
1630,SHORTPERSON,short person,1269
1631,PRESS,press,1270
1632,INDEPENDENT,independent,1271
1633,ALWAYS,always,1272
1634,OLDEST,oldest,1273
1635,ROW,row,1274
1636,EYETURN,eye turn,1275
1637,ASSIST,assist,1276
1638,DRAG2,drag,1277
1639,DRAG1,drag,1277
1640,COMFORTABLE,comfortable,1278
1641,SPACE,space,1279
1642,TOUCH,touch,1280
1643,TIMETOTIME,time to time,1281
1644,GROWUP,grow up,1282
1645,THINKOBSESS,think obsess,1283
1646,ELEMENTARYSCHOOL,elementary school,1284
1647,OOH,ooh,1285
1648,SCARF4,scarf,1286
1649,SCARF2,scarf,1286
1650,SCARF3,scarf,1286
1651,SCARF1,scarf,1286
1652,DOMINANT,dominant,1287
1653,PREGNANT,pregnant,1288
1654,WOMAN1,woman,1289
1655,WOMAN2,woman,1289
1656,JAWDROP,jaw drop,1290
1657,INSIDE,inside,1291
1658,LISTEN,listen,1292
1659,RELIEF,relief,1293
1660,HAIR1,hair,1294
1661,HAIR2,hair,1294
1662,HANGCLOTHES,hang clothes,1295
1663,TURNAROUND,turn around,1296
1664,BLOUSE,blouse,1297
1665,ADOPT,adopt,1298
1666,ALLWAY,all way,1299
1667,BATHTUB,bathtub,1300
1668,MASSAGE,massage,1301
1669,SUNBATHE2,sunbathe,1302
1670,SUNBATHE1,sunbathe,1302
1671,KITE1,kite,1303
1672,KITE2,kite,1303
1673,WITCH1,witch,1304
1674,WITCH2,witch,1304
1675,IRON2,iron,1305
1676,IRON3,iron,1305
1677,IRON1,iron,1305
1678,FIFTH,fifth,1306
1679,DRINK1,drink,1307
1680,DRINK2,drink,1307
1681,DISSOLVE,dissolve,1308
1682,ATLANTA,atlanta,1309
1683,BLUSH,blush,1310
1684,BORED1,bored,1311
1685,BORED2,bored,1311
1686,KNOWNOTHING,know nothing,1312
1687,INTELLIGENT,intelligent,1313
1688,PAGEANT,pageant,1314
1689,DUE,due,1315
1690,REACH,reach,1316
1691,RIBBONAWARD,ribbon award,1317
1692,CAN1,can,1318
1693,CAN2,can,1318
1694,HUMOR,humor,1319
1695,VISIT,visit,1320
1696,CATCHBASEBALL,catch baseball,1321
1697,DRIBBLE,dribble,1322
1698,VIDEOCAMERA1,videocamera,1323
1699,VIDEOCAMERA2,videocamera,1323
1700,PICKLE,pickle,1324
1701,DINOSAUR2,dinosaur,1325
1702,DINOSAUR1,dinosaur,1325
1703,EXPRESS,express,1326
1704,VISION,vision,1327
1705,GOAHEAD,go ahead,1328
1706,MAJOR,major,1329
1707,OVERNIGHT,overnight,1330
1708,LOOKBACK,look back,1331
1709,SUNDAY,sunday,1332
1710,ROLLERBLADING,rollerblading,1333
1711,COOK,cook,1334
1712,GLOW,glow,1335
1713,HOP,hop,1336
1714,HIT2,hit,1337
1715,HIT1,hit,1337
1716,HEADGRIND,head grind,1338
1717,DECLINE,decline,1339
1718,PEAS2,peas,1340
1719,PEAS1,peas,1340
1720,GLUE1,glue,1341
1721,GLUE2,glue,1341
1722,BEAVER,beaver,1342
1723,PENIS,penis,1343
1724,THINKCONNECT,think connect,1344
1725,SHAKE1,shake,1345
1726,SHAKE2,shake,1345
1727,RECORD,record,1346
1728,NOTUSEDTO,not used to,1347
1729,MAID,maid,1348
1730,RULER,ruler,1349
1731,GOODYGOODY,goody goody,1350
1732,VERYINTERESTED,very interested,1351
1733,GOBACKANDFORTH,go back and forth,1352
1734,TALK2,talk,1353
1735,TALK1,talk,1353
1736,COMEHERE,come here,1354
1737,POSSUM,possum,1355
1738,STRANGLE,strangle,1356
1739,SOON2,soon,1357
1740,SOON1,soon,1357
1741,HOWL,howl,1358
1742,BOUNCE,bounce,1359
1743,MEXICAN1,mexican,1360
1744,MEXICAN2,mexican,1360
1745,HANDSOME3,handsome,1361
1746,HANDSOME1,handsome,1361
1747,HANDSOME2,handsome,1361
1748,HANDSOME4,handsome,1361
1749,FRIENDSNOMORE1,friends no more 1,1362
1750,BOARD,board,1363
1751,LOCKER,locker,1364
1752,INCREDIBLE,incredible,1365
1753,FIREMAN2,fireman,1366
1754,FIREMAN1,fireman,1366
1755,PRINCE,prince,1367
1756,SENSITIVE,sensitive,1368
1757,OBSESS,obsess,1369
1758,DISSECT,dissect,1370
1759,AUSTRALIA,australia,1371
1760,HONEY1,honey,1372
1761,HONEY2,honey,1372
1762,GESTURE,gesture,1373
1763,SHAKESPEARE,shakespeare,1374
1764,CRASHPLANE,crash plane,1375
1765,ELECTROCUTE,electrocute,1376
1766,UNIVERSE,universe,1377
1767,STRAWBERRY1,strawberry,1378
1768,STRAWBERRY4,strawberry,1378
1769,STRAWBERRY3,strawberry,1378
1770,STRAWBERRY2,strawberry,1378
1771,TIMEOUT,timeout,1379
1772,UNDERWEAR2,underwear,1380
1773,UNDERWEAR1,underwear,1380
1774,CREWCUT,crewcut,1381
1775,LEMON1,lemon,1382
1776,LEMON2,lemon,1382
1777,TIEUP1,tie up 1,1383
1778,OIL3,oil,1384
1779,OIL2,oil,1384
1780,OIL1,oil,1384
1781,BADGE,badge,1385
1782,RESEARCH2,research,1386
1783,RESEARCH1,research,1386
1784,EQUAL,equal,1387
1785,PLIERS,pliers,1388
1786,DIVE,dive,1389
1787,BROWN,brown,1390
1788,ART,art,1391
1789,DRUNK,drunk,1392
1790,TALL1,tall,1393
1791,TALL2,tall,1393
1792,LETTER2,letter,1394
1793,LETTER1,letter,1394
1794,WRONG,wrong,1395
1795,LIVE2,live,1396
1796,LIVE1,live,1396
1797,STETHOSCOPE1,stethoscope,1397
1798,STETHOSCOPE3,stethoscope,1397
1799,STETHOSCOPE4,stethoscope,1397
1800,STETHOSCOPE2,stethoscope,1397
1801,COW,cow,1398
1802,THURSDAY,thursday,1399
1803,ROOSTER,rooster,1400
1804,DEATH,death,1401
1805,POOLGAME,pool game,1402
1806,PAST,past,1403
1807,HIGH,high,1404
1808,BREATHE,breathe,1405
1809,NEWYORK,new york,1406
1810,LAWYER,lawyer,1407
1811,ACCOMPLISH,accomplish,1408
1812,WEST,west,1409
1813,HOUR,hour,1410
1814,GOLD,gold,1411
1815,SATURDAY,saturday,1412
1816,THIN,thin,1413
1817,BUG,bug,1414
1818,HAPPEN,happen,1415
1819,OFFICE,office,1416
1820,INTERNET,internet,1417
1821,BEER,beer,1418
1822,WET,wet,1419
1823,SAME1,same,1420
1824,SAME2,same,1420
1825,BAD,bad,1421
1826,SHAMPOO,shampoo,1422
1827,NOTCARE,not care,1423
1828,FRUSTRATE,frustrate,1424
1829,SNAKE,snake,1425
1830,PROMOTE,promote,1426
1831,WEDNESDAY,wednesday,1427
1832,DIAMOND,diamond,1428
1833,DIE,die,1429
1834,FIGURE,figure,1430
1835,DELICIOUS,delicious,1431
1836,GOLF,golf,1432
1837,SQUIRREL,squirrel,1433
1838,RESPONSIBILITY,responsibility,1434
1839,AIRPLANE,airplane,1435
1840,WEATHER,weather,1436
1841,PRESIDENT,president,1437
1842,CHINA,china,1438
1843,SNOB,snob,1439
1844,REST,rest,1440
1845,MEAN2,mean,1441
1846,MEAN1,mean,1441
1847,SWALLOW,swallow,1442
1848,LECTURE,lecture,1443
1849,NUMBERS,numbers,1444
1850,SUN,sun,1445
1851,LOYAL,loyal,1446
1852,POINT,point,1447
1853,TIRED,tired,1448
1854,OLD,old,1449
1855,WAIT,wait,1450
1856,CLASS,class,1451
1857,FINGERSPELLING,fingerspelling,1452
1858,TREE,tree,1453
1859,BRACELET,bracelet,1454
1860,CHICAGO,chicago,1455
1861,WAY,way,1456
1862,COLOR,color,1457
1863,BOX,box,1458
1864,PERFECT,perfect,1459
1865,ABOUT2,about,1460
1866,ABOUT1,about,1460
1867,DEEP,deep,1461
1868,MATH,math,1462
1869,OOPS,oops,1463
1870,MANY,many,1464
1871,WEDDING,wedding,1465
1872,BOY,boy,1466
1873,COUGH,cough,1467
1874,TOILET,toilet,1468
1875,CONGRATULATIONS,congratulations,1469
1876,BAR,bar,1470
1877,SHOP1,shop,1471
1878,SHOP2,shop,1471
1879,FROM,from,1472
1880,TIGER,tiger,1473
1881,SISTER,sister,1474
1882,LAPTOP,laptop,1475
1883,START,start,1476
1884,SODA,soda,1477
1885,LOOKFOR,look for,1478
1886,MUSIC,music,1479
1887,OWL,owl,1480
1888,WORRY,worry,1481
1889,PERCENT,percent,1482
1890,PHONE,phone,1483
1891,INJECT,inject,1484
1892,BEAR,bear,1485
1893,ACCIDENT,accident,1486
1894,SUNSET,sunset,1487
1895,CHEESE,cheese,1488
1896,QUEEN,queen,1489
1897,ATTENTION,attention,1490
1898,SILLY,silly,1491
1899,BEDROOM,bedroom,1492
1900,CHECK,check,1493
1901,HOLIDAY,holiday,1494
1902,ELEPHANT,elephant,1495
1903,PRISON,prison,1496
1904,HIGHSCHOOL,high school,1497
1905,CUTE2,cute,1498
1906,CUTE1,cute,1498
1907,HELP,help,1499
1908,REASON,reason,1500
1909,HAPPY,happy,1501
1910,SYMPATHY,sympathy,1502
1911,EAT1,eat,1503
1912,EAT2,eat,1503
1913,DISNEY,disney,1504
1914,HEADPHONES,headphones,1505
1915,BIRTHDAY,birthday,1506
1916,STIR,stir,1507
1917,REMOTECONTROL,remote control,1508
1918,WARM,warm,1509
1919,COLD,cold,1510
1920,TRANSLATE,translate,1511
1921,ONION,onion,1512
1922,SCRIPT,script,1513
1923,VIBRATE,vibrate,1514
1924,PROVIDE,provide,1515
1925,CHEAP,cheap,1516
1926,SOMETHING,something,1517
1927,AUTOMATIC,automatic,1518
1928,HURRICANE,hurricane,1519
1929,MEMORIZEMEMORIZE,memorize memorize,1520
1930,PLAN,plan,1521
1931,DONTWANT,dont want,1522
1932,CEILING,ceiling,1523
1933,NONE,none,1524
1934,EXPLODE,explode,1525
1935,PANCAKE,pancake,1526
1936,UDDER,udder,1527
1937,PLATE,plate,1528
1938,SPIDER,spider,1529
1939,FLIPFLOPS,flipflops,1530
1940,PLANT,plant,1531
1941,BANDAGE,bandage,1532
1942,OSTRICH,ostrich,1533
1943,IN,in,1534
1944,STAPLER,stapler,1535
1945,REALSICK,real sick,1536
1946,TUBETOP,tube top,1537
1947,HADENOUGH,had enough,1538
1948,JUGGLER,juggler,1539
1949,JELLYFISH,jellyfish,1540
1950,ACCENT,accent,1541
1951,SUSPENDERS2,suspenders,1542
1952,SUSPENDERS1,suspenders,1542
1953,UP,up,1543
1954,STAND-UP,up,1543
1955,LEAD,lead,1544
1956,PLOW2,plow,1545
1957,PLOW1,plow,1545
1958,LEAK,leak,1546
1959,DENT,dent,1547
1960,TURNKEY,turn key,1548
1961,TOUGH,tough,1549
1962,ACCEPT,accept,1550
1963,NET,net,1551
1964,RESCUE,rescue,1552
1965,BITEONNECK,bite on neck,1553
1966,FOREST,forest,1554
1967,DELIBERATE,deliberate,1555
1968,LOOKLIKE,look like,1556
1969,WORSE,worse,1557
1970,LUNCH2,lunch,1558
1971,LUNCH1,lunch,1558
1972,TYPE1,type,1559
1973,TYPE2,type,1559
1974,EXCITED,excited,1560
1975,ONEYEARAGO,one year ago,1561
1976,BREAKDOWN1,break down,1562
1977,JUMPROPE,jump rope,1563
1978,MUSHROOM,mushroom,1564
1979,AGENCY,agency,1565
1980,CHAOS,chaos,1566
1981,FUNCTION,function,1567
1982,BANDAID2,bandaid,1568
1983,INSTINCT,instinct,1569
1984,BEFORE,before,1570
1985,PROCESS,process,1571
1986,CLIP,clip,1572
1987,HONK,honk,1573
1988,EVERYDAY,everyday,1574
1989,EXAMPLE,example,1575
1990,TONGUE,tongue,1576
1991,DEGREE,degree,1577
1992,RELEASE,release,1578
1993,BRAG,brag,1579
1994,MEGAPHONE,megaphone,1580
1995,PRACTICE,practice,1581
1996,ONLYONE,only one,1582
1997,DIFFERENT,different,1583
1998,SNORKEL,snorkel,1584
1999,SENATE,senate,1585
2000,SPAIN,spain,1586
2001,PLAYERS,players,1587
2002,SOCIALIZE,socialize,1588
2003,ACCESS,access,1589
2004,ALITTLEBIT,a little bit,1590
2005,GONE,gone,1591
2006,ADMIT,admit,1592
2007,BRAINWASH,brainwash,1593
2008,TUESDAY,tuesday,1594
2009,BLOW,blow,1595
2010,NEAR,near,1596
2011,DOUBLE,double,1597
2012,ASTRONAUT,astronaut,1598
2013,PARAGRAPH,paragraph,1599
2014,OPPORTUNITY,opportunity,1600
2015,EARSUP,ears up,1601
2016,NOT,not,1602
2017,REDUCE,reduce,1603
2018,SWEATPANTS,sweatpants,1604
2019,SHOWER,shower,1605
2020,CLOWN,clown,1606
2021,BIOLOGY,biology,1607
2022,BASEBALL,baseball,1608
2023,TENNIS,tennis,1609
2024,LIBRARY,library,1610
2025,ASIA,asia,1611
2026,LAZY,lazy,1612
2027,ICECREAM,icecream,1613
2028,GUITAR,guitar,1614
2029,GLOVE,glove,1615
2030,GARAGE,garage,1616
2031,AFRICA,africa,1617
2032,ACTOR,actor,1618
2033,FLOWER,flower,1619
2034,HEAVEN,heaven,1620
2035,EGG,egg,1621
2036,WINDOW,window,1622
2037,SOUP,soup,1623
2038,WHIP,whip,1624
2039,PAPERCUTTER,papercutter,1625
2040,HUNT,hunt,1626
2041,SHRIMP,shrimp,1627
2042,SOME,some,1628
2043,PRINT,print,1629
2044,BATHROOM,bathroom,1630
2045,COCONUT,coconut,1631
2046,PILL,pill,1632
2047,STAIRS,stairs,1633
2048,DOOR,door,1634
2049,STAR,star,1635
2050,FOX,fox,1636
2051,BATH,bath,1637
2052,THREE,three,1638
2053,ANGRY,angry,1639
2054,MOTHER,mother,1640
2055,DRESS,dress,1641
2056,GRANDFATHER,grandfather,1642
2057,CONCEPT,concept,1643
2058,FAVORITE,favorite,1644
2059,LOOKAPPEARANCE,look appearance,1645
2060,BUTTERFLY,butterfly,1646
2061,BECAUSE,because,1647
2062,TRAIN,train,1648
2063,CHOCOLATE,chocolate,1649
2064,SPEAKERS,speakers,1650
2065,CABINET,cabinet,1651
2066,IMPORTANT,important,1652
2067,RAIN,rain,1653
2068,WORK,work,1654
2069,SURPRISE,surprise,1655
2070,SLOW,slow,1656
2071,RECORDING,recording,1657
2072,FARM,farm,1658
2073,LIPSTICK,lipstick,1659
2074,VIDEOPHONE,videophone,1660
2075,SEW,sew,1661
2076,FOUR,four,1662
2077,ALPHABET,alphabet,1663
2078,BROTHER,brother,1664
2079,COOKIE,cookie,1665
2080,CIGAR,cigar,1666
2081,WORM,worm,1667
2082,PERSON,person,1668
2083,THINGS,things,1669
2084,HEALTH,health,1670
2085,THIEF2,thief,1671
2086,THIEF1,thief,1671
2087,TROUBLE,trouble,1672
2088,AFTER,after,1673
2089,WEAR,wear,1674
2090,PEOPLE,people,1675
2091,DANCE,dance,1676
2092,EXPERIENCE,experience,1677
2093,TRAVEL,travel,1678
2094,BASEMENT,basement,1679
2095,MOVIE1,movie,1680
2096,MOVIE2,movie,1680
2097,CALLTTY,call tty,1681
2098,CIGARETTE,cigarette,1682
2099,AND,and,1683
2100,EMBARRASS,embarrass,1684
2101,CHARACTER,character,1685
2102,BORROW,borrow,1686
2103,SERIOUS,serious,1687
2104,FINISH,finish,1688
2105,TEXT,text,1689
2106,MUSEUM,museum,1690
2107,FRONT,front,1691
2108,MUCH,much,1692
2109,EXPENSIVE,expensive,1693
2110,WHATEVER,whatever,1694
2111,ZOOMIN,zoom in,1695
2112,LEAVE,leave,1696
2113,FATHER,father,1697
2114,FOR,for,1698
2115,LONELY,lonely,1699
2116,FAMILY,family,1700
2117,SORRY,sorry,1701
2118,UGLY,ugly,1702
2119,DAY,day,1703
2120,STAFF,staff,1704
2121,SCARCELY,scarcely,1705
2122,SHOW,show,1706
2123,GROW,grow,1707
2124,AMERICA,america,1708
2125,FOOTBALL,football,1709
2126,VOLLEYBALL,volleyball,1710
2127,SUMMER,summer,1711
2128,TEA,tea,1712
2129,PIG,pig,1713
2130,SHOES,shoes,1714
2131,FRIDAY,friday,1715
2132,STARBUCKS,starbucks,1716
2133,TOURNAMENT,tournament,1717
2134,FIRE,fire,1718
2135,INTEREST,interest,1719
2136,HEART,heart,1720
2137,MOUSE,mouse,1721
2138,MIRROR,mirror,1722
2139,HUNGRY,hungry,1723
2140,SECRETARY,secretary,1724
2141,GIRAFFE,giraffe,1725
2142,MCDONALDS,mcdonalds,1726
2143,ANNOUNCE,announce,1727
2144,FILM,film,1728
2145,KITCHEN,kitchen,1729
2146,HEADACHE,headache,1730
2147,PEACE,peace,1731
2148,PARENTS,parents,1732
2149,PICTURE,picture,1733
2150,SUBTRACT,subtract,1734
2151,ENGINEER,engineer,1735
2152,EARTHQUAKE,earthquake,1736
2153,BINOCULARS,binoculars,1737
2154,GOOD,good,1738
2155,CAMERA,camera,1739
2156,LEARN,learn,1740
2157,MOCK,mock,1741
2158,DREAM,dream,1742
2159,MAN,man,1743
2160,JUDGE,judge,1744
2161,WONDER,wonder,1745
2162,FEEL,feel,1746
2163,SON,son,1747
2164,LIE,lie,1748
2165,TORNADO,tornado,1749
2166,BLACK,black,1750
2167,ENGAGEMENT,engagement,1751
2168,WORLD,world,1752
2169,CHALLENGE,challenge,1753
2170,NAPKIN,napkin,1754
2171,ACCOUNTANT,accountant,1755
2172,WAVE,wave,1756
2173,BOSS,boss,1757
2174,AWKWARD,awkward,1758
2175,PRETTY,pretty,1759
2176,TRY,try,1760
2177,FREEWAY,freeway,1761
2178,BODY,body,1762
2179,STRICT,strict,1763
2180,RELATIONSHIP,relationship,1764
2181,FINGERSPELL,fingerspell,1765
2182,CERTIFICATE,certificate,1766
2183,LETTUCE1,lettuce,1767
2184,LETTUCE2,lettuce,1767
2185,HAVE,have,1768
2186,WAR,war,1769
2187,PARADE,parade,1770
2188,LIGHTWEIGHT,light weight,1771
2189,AGE,age,1772
2190,QUIET,quiet,1773
2191,PUZZLED,puzzled,1774
2192,TRAFFIC,traffic,1775
2193,STUBBORN,stubborn,1776
2194,MINUTE,minute,1777
2195,CENTER,center,1778
2196,HONEST,honest,1779
2197,LAST,last,1780
2198,ISRAEL,israel,1781
2199,SALT,salt,1782
2200,PILE,pile,1783
2201,COMMUNICATION,communication,1784
2202,PLEASE,please,1785
2203,WHERE,where,1786
2204,PURPLE,purple,1787
2205,ANIMAL,animal,1788
2206,ARMY,army,1789
2207,VOTE,vote,1790
2208,ASK,ask,1791
2209,SAD,sad,1792
2210,RELIGION,religion,1793
2211,FIGHT,fight,1794
2212,DONTMIND,dont mind,1795
2213,HOME,home,1796
2214,DRYER,dryer,1797
2215,MAKE,make,1798
2216,GAS,gas,1799
2217,WARN,warn,1800
2218,GET,get,1801
2219,WIN,win,1802
2220,GOVERNMENT,government,1803
2221,GLASSES,glasses,1804
2222,LAWNMOWER,lawnmower,1805
2223,FIRST,first,1806
2224,EXERCISE,exercise,1807
2225,KEYBOARD,keyboard,1808
2226,LATE,late,1809
2227,WISH,wish,1810
2228,CALLATTENTION,call attention,1811
2229,CHAT,chat,1812
2230,DIVORCE,divorce,1813
2231,CATHOLIC,catholic,1814
2232,COUSIN,cousin,1815
2233,OWE,owe,1816
2234,MACHINE,machine,1817
2235,MUSTACHE,mustache,1818
2236,MIND,mind,1819
2237,SICK,sick,1820
2238,GALLAUDET,gallaudet,1821
2239,KNOW,know,1822
2240,PINK,pink,1823
2241,FIND,find,1824
2242,ACT,act,1825
2243,RING,ring,1826
2244,NEW,new,1827
2245,VEGETABLE,vegetable,1828
2246,EMOTION,emotion,1829
2247,BLIND,blind,1830
2248,LOOKAT,look at,1831
2249,BUILDING,building,1832
2250,COLLEGE,college,1833
2251,POSSIBLE,possible,1834
2252,DOUBT,doubt,1835
2253,PRICE,price,1836
2254,FRECKLES,freckles,1837
2255,VIOLIN,violin,1838
2256,REALLY,really,1839
2257,MORE,more,1840
2258,5DOLLARS,5 dollars,1841
2259,RUDE,rude,1842
2260,FAT,fat,1843
2261,HARD,hard,1844
2262,KEY,key,1845
2263,BEHIND,behind,1846
2264,TIME,time,1847
2265,BAKE1,bake,1848
2266,BAKE2,bake,1848
2267,VACATION,vacation,1849
2268,PREFER,prefer,1850
2269,YEAR,year,1851
2270,OTHER,other,1852
2271,CAREFUL,careful,1853
2272,FALL2,fall,1854
2273,FALL1,fall,1854
2274,HOTDOG,hotdog,1855
2275,PEPSI,pepsi,1856
2276,WHICH,which,1857
2277,WHO,who,1858
2278,INVITE,invite,1859
2279,PLAY,play,1860
2280,CREDITCARD,credit card,1861
2281,COMPLEX,complex,1862
2282,BLOOD,blood,1863
2283,GREEN,green,1864
2284,HEARING,hearing,1865
2285,MAYBE,maybe,1866
2286,BRAVE,brave,1867
2287,SCARED,scared,1868
2288,ACTION,action,1869
2289,FAULT,fault,1870
2290,MORNING,morning,1871
2291,UNDERSTAND,understand,1872
2292,KING,king,1873
2293,TEMPTATION,temptation,1874
2294,CANCELLATION,cancellation,1875
2295,NORTH,north,1876
2296,TWO,two,1877
2297,HAMMER,hammer,1878
2298,EXPLANATION,explanation,1879
2299,SUSPECT,suspect,1880
2300,ALARM,alarm,1881
2301,LAUGH,laugh,1882
2302,EUROPE,europe,1883
2303,THAT,that,1884
2304,EGYPT,egypt,1885
2305,GULLIBLE,gullible,1886
2306,CLEAR,clear,1887
2307,NAME,name,1888
2308,SKATE,skate,1889
2309,RED,red,1890
2310,DISAPPEAR,disappear,1891
2311,STRANGE,strange,1892
2312,FRIENDLY,friendly,1893
2313,PAIN,pain,1894
2314,WHY,why,1895
2315,GREECE,greece,1896
2316,BOWL,bowl,1897
2317,HUSBAND,husband,1898
2318,UNIVERSITY,university,1899
2319,APPEAR,appear,1900
2320,9OCLOCK,9 oclock,1901
2321,FUTURE,future,1902
2322,LIGHTER,lighter,1903
2323,MOTORCYCLE,motorcycle,1904
2324,CHANNEL,channel,1905
2325,COCACOLA,cocacola,1906
2326,COVERUP,cover up,1907
2327,HELLO,hello,1908
2328,STOMACH,stomach,1909
2329,FRAUD,fraud,1910
2330,ZOOMOFF,zoom off,1911
2331,MONDAY,monday,1912
2332,WHEN,when,1913
2333,ADDRESS,address,1914
2334,THANKSGIVING,thanksgiving,1915
2335,FLOOR,floor,1916
2336,HOPE,hope,1917
2337,LATER,later,1918
2338,ROPE,rope,1919
2339,INSURANCE,insurance,1920
2340,RESTAURANT,restaurant,1921
2341,THERE,there,1922
2342,SMART,smart,1923
2343,CONFIDENT,confident,1924
2344,YOU,you,1925
2345,TOAST,toast,1926
2346,SING,sing,1927
2347,MOVE,move,1928
2348,TEASE,tease,1929
2349,SHIELD,shield,1930
2350,FLIPSWITCH,flip switch,1931
2351,NOTINTERESTED,not interested,1932
2352,BASIC,basic,1933
2353,SSHH,sshh,1934
2354,NOISE,noise,1935
2355,CONTINUE,continue,1936
2356,SMELL,smell,1937
2357,FAR,far,1938
2358,HORRIBLE,horrible,1939
2359,OUT,out,1940
2360,PRESSINMIND,press in mind,1941
2361,CONTACT,contact,1942
2362,HURT,hurt,1943
2363,PEN,pen,1944
2364,ALCOHOL,alcohol,1945
2365,SCULPTURE,sculpture,1946
2366,FLY,fly,1947
2367,SWEATSHIRT,sweatshirt,1948
2368,GUILTY,guilty,1949
2369,ENGINESTART,engine start,1950
2370,CONNECTION,connection,1951
2371,EGGBEATER,egg beater,1952
2372,SOAP1,soap,1953
2373,SOAP2,soap,1953
2374,CLOTHES,clothes,1954
2375,GIFT,gift,1955
2376,SWITZERLAND,switzerland,1956
2377,TEAM,team,1957
2378,WALL,wall,1958
2379,VITAMINS,vitamins,1959
2380,BACKOUT,back out,1960
2381,FILTER,filter,1961
2382,NAILCLIPPER,nail clipper,1962
2383,DODO,do do,1963
2384,GRENADE,grenade,1964
2385,MARRY,marry,1965
2386,FRACTION,fraction,1966
2387,SERVE2,serve,1967
2388,SERVE1,serve,1967
2389,PEEKABOO,peekaboo,1968
2390,SINK,sink,1969
2391,EACH,each,1970
2392,VIEW,view,1971
2393,ENTER,enter,1972
2394,PSYCHOLOGY,psychology,1973
2395,FLUTE,flute,1974
2396,WORKOUT,work out,1975
2397,STICKY,sticky,1976
2398,CHAIN,chain,1977
2399,CHASE,chase,1978
2400,FALLINGASLEEP,falling asleep,1979
2401,BOXING,boxing,1980
2402,TAKECARE,take care,1981
2403,UNDER,under,1982
2404,PICNIC,picnic,1983
2405,BIB,bib,1984
2406,SIGN,sign,1985
2407,HABIT,habit,1986
2408,CATAPULT,catapult,1987
2409,EMPHASIS,emphasis,1988
2410,RICH,rich,1989
2411,SWORD,sword,1990
2412,HAMSTER,hamster,1991
2413,ANY,any,1992
2414,DATE,date,1993
2415,THEN,then,1994
2416,CLICK,click,1995
2417,OVERLOOK,overlook,1996
2418,CHAMPION,champion,1997
2419,BARRETTE,barrette,1998
2420,BEANIE,beanie,1999
2421,HANUKKAH,hanukkah,2000
2422,CONCERNED,concerned,2001
2423,PLANET,planet,2002
2424,OUR,our,2003
2425,PERFUME2,perfume,2004
2426,PERFUME1,perfume,2004
2427,SOPHISTICATED,sophisticated,2005
2428,BOTTOM,bottom,2006
2429,ESCALATOR,escalator,2007
2430,PAY,pay,2008
2431,DAMN,damn,2009
2432,INTERESTED,interested,2010
2433,MOOSE,moose,2011
2434,BLOOM,bloom,2012
2435,SPITOUT,spit out,2013
2436,DONUT,donut,2014
2437,ACCORDION,accordion,2015
2438,SIDEBURNS,sideburns,2016
2439,THAN,than,2017
2440,NORMAL,normal,2018
2441,SAILBOAT,sailboat,2019
2442,BIG,big,2020
2443,OCTOPUS,octopus,2021
2444,SLINGSHOT,slingshot,2022
2445,WATERSKI,water ski,2023
2446,BALD,bald,2024
2447,WEWILLSEE,we will see,2025
2448,ASSISTANT,assistant,2026
2449,WRAPUP1,wrap up,2027
2450,INVEST,invest,2028
2451,BEAK,beak,2029
2452,OVERWHELMED,overwhelmed,2030
2453,FAKE,fake,2031
2454,BLAME,blame,2032
2455,DIRECTOR,director,2033
2456,LUNGS,lungs,2034
2457,EYESAWAKE,eyes awake,2035
2458,GENERATION,generation,2036
2459,TWOMORE,two more,2037
2460,SHORTDISTANCE,short distance,2038
2461,MOVEDOWN,move down,2039
2462,JAR,jar,2040
2463,FREAKOUT,freak out,2041
2464,HIDE,hide,2042
2465,HEN,hen,2043
2466,STRIPE,stripe,2044
2467,HANDSOAP,hand soap,2045
2468,RANGE,range,2046
2469,ZEBRA,zebra,2047
2470,POLE,pole,2048
2471,WATCH,watch,2049
2472,ROB,rob,2050
2473,TEARRIP1,tear rip 1,2051
2474,DIGUP,dig up,2052
2475,CHAMP,champ,2053
2476,NOTMIND,not mind,2054
2477,HE,he,2055
2478,ABSOLUTELYNOTHING,absolutely nothing,2056
2479,DRESSUP,dress up,2057
2480,CUTREMOVEVID,cut remove vid,2058
2481,CONTACTLENS,contact lens,2059
2482,OR,or,2060
2483,ROAST,roast,2061
2484,CONSUME,consume,2062
2485,ABBREVIATE,abbreviate,2063
2486,DONTLIKE,dont like,2064
2487,ADD,add,2065
2488,GIVEUP,give up,2066
2489,DESTROY,destroy,2067
2490,TENDYOUR,tend your,2068
2491,WASHHANDS,wash hands,2069
2492,BRIGHT,bright,2070
2493,GOOSEBUMPS,goosebumps,2071
2494,ABOVE,above,2072
2495,SPEND,spend,2073
2496,BARELY,barely,2074
2497,TEMPERBLOWUP,temper blow up,2075
2498,PLUS,plus,2076
2499,ALLDAY,all day,2077
2500,DIFFERENTSITUATION,different situation,2078
2501,LIVINGROOM,living room,2079
2502,FAIR,fair,2080
2503,SAUSAGE,sausage,2081
2504,ALLGONE,all gone,2082
2505,GUILLOTINE1,guillotine,2083
2506,GUILLOTINE2,guillotine,2083
2507,CHARGE,charge,2084
2508,TECHNOLOGY,technology,2085
2509,HEARTBODY,heartbody,2086
2510,CHURN,churn,2087
2511,WINTER,winter,2088
2512,WRING,wring,2089
2513,SHOT,shot,2090
2514,LEATHER,leather,2091
2515,DEPENDON,depend on,2092
2516,HOCKEY,hockey,2093
2517,HOTEL,hotel,2094
2518,UPLOAD,upload,2095
2519,KNEEL,kneel,2096
2520,JIGSAWPUZZLE,jigsaw puzzle,2097
2521,EYEGLASSES,eyeglasses,2098
2522,PAPER,paper,2099
2523,WOLF,wolf,2100
2524,PIE,pie,2101
2525,TURTLE,turtle,2102
2526,STREET,street,2103
2527,WANDER,wander,2104
2528,READ,read,2105
2529,SURF,surf,2106
2530,BIRD,bird,2107
2531,MICROWAVE,microwave,2108
2532,PAINTBRUSH,paintbrush,2109
2533,EVALUATE,evaluate,2110
2534,FISH,fish,2111
2535,DRUM,drum,2112
2536,GOAT,goat,2113
2537,TOBACCO,tobacco,2114
2538,BALLOON,balloon,2115
2539,NEUTRAL,neutral,2116
2540,RADIO,radio,2117
2541,SHEEP,sheep,2118
2542,HISTORY,history,2119
2543,DESERT,desert,2120
2544,SOCKS,socks,2121
2545,MAGAZINE,magazine,2122
2546,LION,lion,2123
2547,HEARINGAID,hearing aid,2124
2548,SHY,shy,2125
2549,MONKEY,monkey,2126
2550,STARS,stars,2127
2551,BOWTIE,bowtie,2128
2552,SANDALS,sandals,2129
2553,DRAWER,drawer,2130
2554,CHAIR,chair,2131
2555,TRASH,trash,2132
2556,WAITER,waiter,2133
2557,DEODORANT,deodorant,2134
2558,STUDENT,student,2135
2559,ROLLERSKATING,rollerskating,2136
2560,PSYCHOLOGIST,psychologist,2137
2561,DEER,deer,2138
2562,GORILLA,gorilla,2139
2563,POPCORN,popcorn,2140
2564,BRIDESMAID,bridesmaid,2141
2565,CAMPING,camping,2142
2566,ELECTRICIAN,electrician,2143
2567,HOMEWORK,homework,2144
2568,SALAD,salad,2145
2569,BLANKET,blanket,2146
2570,CUP,cup,2147
2571,MOON,moon,2148
2572,COUNSELOR,counselor,2149
2573,DORMITORY,dormitory,2150
2574,BRUSH,brush,2151
2575,HORSE,horse,2152
2576,COFFEE,coffee,2153
2577,ISLAND,island,2154
2578,DIAPER,diaper,2155
2579,DUMB,dumb,2156
2580,HUMBLE,humble,2157
2581,ENGLISH,english,2158
2582,TABLE,table,2159
2583,POTATO,potato,2160
2584,ANGEL,angel,2161
2585,MONTH,month,2162
2586,COMPUTER,computer,2163
2587,DEVIL,devil,2164
2588,DANCER,dancer,2165
2589,CEREAL,cereal,2166
2590,LANGUAGE,language,2167
2591,INSULT,insult,2168
2592,NEPHEW,nephew,2169
2593,ROOM,room,2170
2594,BOOK,book,2171
2595,SCIENTIST,scientist,2172
2596,SKIRT,skirt,2173
2597,PROMISE,promise,2174
2598,CURL1,curl,2175
2599,CURL2,curl,2175
2600,LICKENVELOPE2,lick envelope 2,2176
2601,FUZZY,fuzzy,2177
2602,MEACULPA,mea culpa,2178
2603,CAROUSEL,carousel,2179
2604,CHIMNEY,chimney,2180
2605,HAIRCLIPPER,hair clipper,2181
2606,FINS,fins,2182
2607,EDGE,edge,2183
2608,EASEL,easel,2184
2609,GARLIC,garlic,2185
2610,NOOSE,noose,2186
2611,SOW,sow,2187
2612,DILEMMA,dilemma,2188
2613,RESENT,resent,2189
2614,CONDUCT2,conduct,2190
2615,CONDUCT3,conduct,2190
2616,CONDUCT1,conduct,2190
2617,NAVEL,navel,2191
2618,CAPE,cape,2192
2619,UNIQUE,unique,2193
2620,HIGHHEELS,high heels,2194
2621,VAGINA,vagina,2195
2622,SNAIL,snail,2196
2623,ESCALATE,escalate,2197
2624,ALLTOGETHER,all together,2198
2625,GOTCHA,gotcha,2199
2626,DEALCARDS,deal cards,2200
2627,COINS,coins,2201
2628,RESTALLDAY,rest all day,2202
2629,BLACKBIRD,blackbird,2203
2630,SPAGHETTI,spaghetti,2204
2631,PLUNGER,plunger,2205
2632,RISK,risk,2206
2633,MIME,mime,2207
2634,GETINFORMATIONOUTOF,get information out of,2208
2635,RAISIN,raisin,2209
2636,LUCK,luck,2210
2637,PERSUADE,persuade,2211
2638,HUMMINGBIRD,hummingbird,2212
2639,INCH,inch,2213
2640,SPACESHIP,spaceship,2214
2641,BRAIDS,braids,2215
2642,CLEFTCHIN,cleftchin,2216
2643,SNOWSUIT,snowsuit,2217
2644,COWBOY,cowboy,2218
2645,COCAINE,cocaine,2219
2646,CHEESEGRATER,cheese grater,2220
2647,WHEELBARROW,wheelbarrow,2221
2648,BITCH,bitch,2222
2649,SUCKTHUMB,suck thumb,2223
2650,PROXIMALIZATION,proximalization,2224
2651,HITCHHIKE,hitchhike,2225
2652,BLOWCANDLE2,blow candle 2,2226
2653,TALKDIRTY,talk dirty,2227
2654,THEATRE,theatre,2228
2655,EMPEROR,emperor,2229
2656,BIRTH,birth,2230
2657,BREAK,break,2231
2658,MY,my,2232
2659,HAMBURGER,hamburger,2233
2660,BUSINESS,business,2234
2661,LOUD,loud,2235
2662,ME,me,2236
2663,SETUP,set up,2237
2664,STRESS,stress,2238
2665,ELEGANCE,elegance,2239
2666,ERASER,eraser,2240
2667,TRUE,true,2241
2668,BACON,bacon,2242
2669,EMAIL,email,2243
2670,POWER,power,2244
2671,SLEEP,sleep,2245
2672,PULL,pull,2246
2673,PENCIL,pencil,2247
2674,DISAGREEMENT,disagreement,2248
2675,WATER,water,2249
2676,BREAKDOWN2,breakdown,2250
2677,PIRATE,pirate,2251
2678,GRADUATE,graduate,2252
2679,HANDCUFFS,handcuffs,2253
2680,ENEMY,enemy,2254
2681,INTERVIEW,interview,2255
2682,PLACE,place,2256
2683,YOUR,your,2257
2684,HYPOCRITE,hypocrite,2258
2685,PROJECT,project,2259
2686,TISSUE,tissue,2260
2687,WALLET,wallet,2261
2688,MENTION,mention,2262
2689,FADE,fade,2263
2690,FAMOUS,famous,2264
2691,ONE,one,2265
2692,RESULT,result,2266
2693,AUDITORIUM,auditorium,2267
2694,HARMONICA,harmonica,2268
2695,HINGE,hinge,2269
2696,POLICY,policy,2270
2697,RESIGN,resign,2271
2698,STOPWATCH,stopwatch,2272
2699,NEXTDOWN,next down,2273
2700,A-LINEBOB,line bob,2274
2701,AUNT,aunt,2275
2702,SAUCE,sauce,2276
2703,CLEAN,clean,2277
2704,SUSPEND,suspend,2278
2705,LONGWORD,long word,2279
2706,TRANSFER,transfer,2280
2707,SHELF,shelf,2281
2708,UMBRELLA,umbrella,2282
2709,PEPPER,pepper,2283
2710,SCISSORS,scissors,2284
2711,CHANCE,chance,2285
2712,CURTAIN,curtain,2286
2713,BUTTER,butter,2287
2714,SHORTS,shorts,2288
2715,GRASS,grass,2289
2716,FRENCHFRIES,frenchfries,2290
2717,ROCK,rock,2291
2718,PRIDE,pride,2292
2719,ORANGE,orange,2293
2720,SURGEON,surgeon,2294
2721,TEACHER,teacher,2295
2722,BREAD,bread,2296
2723,PLAYGROUND,playground,2297
2724,VERB,verb,2298
2725,CAFETERIA,cafeteria,2299
2726,WASTE,waste,2300
2727,WEEK,week,2301
2728,SCIENCE,science,2302
2729,SPOON,spoon,2303
2730,PIANO,piano,2304
